order_id,restaurant,delivery_mins
FD49998,Paratha Paradise,49
FD49995,Pav Bhaji Point,41
FD49991,Biryani Junction,47
FD49989,Biryani Junction,43
FD49988,Burger Barn,43
FD49984,Pav Bhaji Point,42
FD49981,Pizza Plaza,48
FD49976,Wok & Roll,50
FD49964,Pav Bhaji Point,46
FD49934,Pizza Plaza,44
FD49927,Burger Barn,45
FD49926,Chai & Snacks,47
FD49922,Biryani Junction,43
FD49919,Biryani Junction,45
FD49917,Pav Bhaji Point,42
FD49912,Pav Bhaji Point,42
FD49899,Pizza Plaza,42
FD49889,Biryani Junction,43
FD49882,Pizza Plaza,44
FD49880,Shawarma Street,43
FD49877,Thali Express,49
FD49876,Biryani Junction,41
FD49874,Pav Bhaji Point,55
FD49873,Pizza Plaza,49
FD49871,Pizza Plaza,46
FD49870,Cake Corner,49
FD49864,Biryani Junction,47
FD49862,Pav Bhaji Point,41
FD49861,Biryani Junction,51
FD49856,Dosa Delight,48
FD49850,Pav Bhaji Point,51
FD49832,Thali Express,44
FD49827,Tandoori Nights,47
FD49821,The Healthy Bowl,42
FD49816,Wok & Roll,47
FD49813,Pav Bhaji Point,41
FD49811,Shawarma Street,55
FD49807,The Healthy Bowl,51
FD49806,Dosa Delight,44
FD49799,Pav Bhaji Point,53
FD49798,Tandoori Nights,50
FD49793,Biryani Junction,53
FD49790,Biryani Junction,43
FD49783,Pizza Plaza,47
FD49779,Paratha Paradise,46
FD49771,Wok & Roll,41
FD49768,Pizza Plaza,55
FD49765,Shawarma Street,41
FD49764,Burger Barn,42
FD49759,Burger Barn,49
FD49758,Pizza Plaza,53
FD49756,Pav Bhaji Point,41
FD49754,Biryani Junction,45
FD49749,Wok & Roll,46
FD49727,Pav Bhaji Point,45
FD49725,Shawarma Street,43
FD49723,Pav Bhaji Point,42
FD49718,Pav Bhaji Point,50
FD49704,Burger Barn,41
FD49695,Cake Corner,52
FD49693,Biryani Junction,44
FD49685,Biryani Junction,56
FD49673,Dosa Delight,41
FD49671,Pizza Plaza,44
FD49667,Burger Barn,41
FD49664,Pav Bhaji Point,45
FD49660,Tandoori Nights,45
FD49653,Pav Bhaji Point,50
FD49649,Cake Corner,46
FD49647,Pav Bhaji Point,42
FD49646,Pizza Plaza,43
FD49640,Pav Bhaji Point,43
FD49639,Pav Bhaji Point,46
FD49637,Dosa Delight,46
FD49629,Tandoori Nights,44
FD49617,Momo Mania,46
FD49610,Burger Barn,48
FD49602,Pizza Plaza,41
FD49597,Biryani Junction,43
FD49596,Wok & Roll,43
FD49584,Burger Barn,42
FD49583,Pav Bhaji Point,48
FD49582,Shawarma Street,49
FD49580,Pav Bhaji Point,43
FD49570,Burger Barn,44
FD49542,Burger Barn,42
FD49530,Pizza Plaza,43
FD49526,Dosa Delight,44
FD49520,Pizza Plaza,42
FD49513,Biryani Junction,41
FD49502,Biryani Junction,41
FD49496,Burger Barn,49
FD49490,Biryani Junction,43
FD49489,Tandoori Nights,48
FD49479,Wok & Roll,43
FD49478,Chai & Snacks,49
FD49477,Pizza Plaza,41
FD49465,Wok & Roll,41
FD49461,Pizza Plaza,42
FD49456,Pav Bhaji Point,42
FD49454,Pizza Plaza,43
FD49448,Dosa Delight,41
FD49446,Dosa Delight,42
FD49443,Tandoori Nights,42
FD49437,Burger Barn,41
FD49435,Pav Bhaji Point,42
FD49426,Pizza Plaza,42
FD49422,Cake Corner,42
FD49416,Cake Corner,47
FD49406,Biryani Junction,41
FD49403,Pav Bhaji Point,41
FD49400,Chai & Snacks,46
FD49388,Dosa Delight,44
FD49382,Pav Bhaji Point,43
FD49380,Shawarma Street,41
FD49353,Pizza Plaza,44
FD49340,Dosa Delight,41
FD49337,Tandoori Nights,46
FD49332,Dosa Delight,41
FD49328,Pav Bhaji Point,44
FD49317,Wok & Roll,47
FD49315,Pav Bhaji Point,46
FD49306,Biryani Junction,44
FD49302,Tandoori Nights,41
FD49298,Pav Bhaji Point,41
FD49297,Tandoori Nights,47
FD49294,Burger Barn,44
FD49285,Biryani Junction,53
FD49284,Pav Bhaji Point,48
FD49282,Pizza Plaza,42
FD49279,Tandoori Nights,49
FD49275,Biryani Junction,42
FD49273,Pav Bhaji Point,42
FD49271,Tandoori Nights,41
FD49262,Pav Bhaji Point,43
FD49247,Pav Bhaji Point,43
FD49218,Pav Bhaji Point,50
FD49213,Pav Bhaji Point,50
FD49212,Pizza Plaza,46
FD49211,Pizza Plaza,50
FD49205,Momo Mania,41
FD49203,Tandoori Nights,41
FD49199,Burger Barn,43
FD49180,Wok & Roll,47
FD49172,Paratha Paradise,44
FD49171,Pav Bhaji Point,41
FD49166,Pizza Plaza,47
FD49165,Pav Bhaji Point,41
FD49162,Thali Express,50
FD49158,Burger Barn,43
FD49152,Pav Bhaji Point,44
FD49150,Dosa Delight,41
FD49149,The Healthy Bowl,47
FD49143,Wok & Roll,41
FD49141,Chai & Snacks,42
FD49140,Biryani Junction,42
FD49136,Chai & Snacks,46
FD49135,Biryani Junction,43
FD49129,Wok & Roll,45
FD49125,Pav Bhaji Point,45
FD49122,Dosa Delight,41
FD49121,Burger Barn,41
FD49106,Thali Express,41
FD49095,Wok & Roll,41
FD49089,The Healthy Bowl,44
FD49087,Momo Mania,44
FD49082,Biryani Junction,41
FD49070,Tandoori Nights,50
FD49069,Pav Bhaji Point,41
FD49068,Biryani Junction,43
FD49064,Dosa Delight,42
FD49058,Tandoori Nights,47
FD49055,Wok & Roll,43
FD49050,Tandoori Nights,47
FD49049,Thali Express,44
FD49048,Pizza Plaza,42
FD49046,Pizza Plaza,50
FD49041,Pav Bhaji Point,44
FD49039,Pav Bhaji Point,42
FD49027,Dosa Delight,42
FD49023,Tandoori Nights,44
FD49020,Biryani Junction,43
FD49019,Tandoori Nights,47
FD49005,Pizza Plaza,41
FD48996,Chai & Snacks,43
FD48990,Pav Bhaji Point,41
FD48989,Biryani Junction,42
FD48988,Biryani Junction,44
FD48987,Pav Bhaji Point,41
FD48985,Pav Bhaji Point,43
FD48980,Cake Corner,42
FD48972,Paratha Paradise,42
FD48971,Wok & Roll,43
FD48966,Tandoori Nights,45
FD48963,Burger Barn,46
FD48960,Pav Bhaji Point,41
FD48958,Burger Barn,44
FD48956,Pizza Plaza,41
FD48955,Burger Barn,42
FD48943,Pav Bhaji Point,44
FD48939,Biryani Junction,43
FD48937,Pav Bhaji Point,41
FD48935,Biryani Junction,45
FD48933,Burger Barn,42
FD48928,Paratha Paradise,48
FD48924,Biryani Junction,49
FD48914,Pav Bhaji Point,42
FD48905,Pizza Plaza,41
FD48903,Paratha Paradise,49
FD48899,Wok & Roll,44
FD48890,Wok & Roll,43
FD48887,Pav Bhaji Point,43
FD48882,Tandoori Nights,43
FD48877,Burger Barn,47
FD48870,Pav Bhaji Point,43
FD48864,Dosa Delight,44
FD48863,Dosa Delight,43
FD48862,Paratha Paradise,42
FD48861,Chai & Snacks,52
FD48853,Biryani Junction,53
FD48852,Paratha Paradise,41
FD48845,Dosa Delight,41
FD48844,Cake Corner,44
FD48843,Burger Barn,42
FD48842,Pav Bhaji Point,44
FD48834,Burger Barn,43
FD48829,Pav Bhaji Point,41
FD48825,Wok & Roll,41
FD48823,Paratha Paradise,41
FD48821,Pizza Plaza,45
FD48818,Biryani Junction,44
FD48816,Burger Barn,54
FD48812,Pav Bhaji Point,44
FD48805,Pizza Plaza,46
FD48799,Cake Corner,45
FD48794,Tandoori Nights,45
FD48786,Pizza Plaza,41
FD48783,Dosa Delight,45
FD48762,Dosa Delight,53
FD48757,Biryani Junction,53
FD48750,Thali Express,46
FD48746,Wok & Roll,41
FD48745,Burger Barn,47
FD48744,Biryani Junction,42
FD48735,Dosa Delight,45
FD48733,Wok & Roll,44
FD48728,Biryani Junction,46
FD48727,Chai & Snacks,42
FD48722,Cake Corner,61
FD48720,Momo Mania,44
FD48718,Biryani Junction,43
FD48716,Biryani Junction,42
FD48713,Burger Barn,46
FD48712,Pav Bhaji Point,48
FD48711,Burger Barn,48
FD48704,Dosa Delight,42
FD48700,Paratha Paradise,47
FD48684,Chai & Snacks,41
FD48680,Wok & Roll,44
FD48677,Pav Bhaji Point,43
FD48676,Pizza Plaza,43
FD48671,Pav Bhaji Point,48
FD48670,Pav Bhaji Point,45
FD48669,Wok & Roll,43
FD48663,Burger Barn,49
FD48662,Cake Corner,44
FD48661,Pav Bhaji Point,45
FD48659,Pizza Plaza,49
FD48658,Momo Mania,45
FD48657,Tandoori Nights,57
FD48656,Paratha Paradise,50
FD48637,Biryani Junction,45
FD48628,Pav Bhaji Point,42
FD48623,Tandoori Nights,46
FD48620,Thali Express,42
FD48615,Momo Mania,43
FD48613,Thali Express,46
FD48610,Biryani Junction,44
FD48609,Burger Barn,45
FD48601,Shawarma Street,52
FD48600,Cake Corner,50
FD48596,Burger Barn,42
FD48591,Tandoori Nights,45
FD48588,Wok & Roll,41
FD48583,Burger Barn,41
FD48582,Dosa Delight,42
FD48574,Biryani Junction,48
FD48541,Dosa Delight,41
FD48540,Biryani Junction,43
FD48537,Chai & Snacks,41
FD48534,Biryani Junction,51
FD48531,Thali Express,42
FD48505,Biryani Junction,47
FD48504,Pizza Plaza,43
FD48503,Wok & Roll,43
FD48502,Biryani Junction,45
